/europe_uefa-champions-league/2015-2016/2015-11-25 - 22-45 Malmo FF 0 - 5 Paris SG/video.ini,1hkctxc-FUn-w5ZWD3QEPKb3SGw-UAFTl,
/europe_uefa-champions-league/2015-2016/2015-11-25 - 22-45 Malmo FF 0 - 5 Paris SG/2_HQ.mkv,1aNFmbyeOKCDjlEW-663RaDjCYwTWNn1S,
/europe_uefa-champions-league/2015-2016/2015-11-25 - 22-45 Malmo FF 0 - 5 Paris SG/1_HQ.mkv,1rS0xaL_-b4vSaOy96DTRNGGuauAzQIxi,
/europe_uefa-champions-league/2015-2016/2016-04-05 - 21-45 Bayern Munich 1 - 0 Benfica/video.ini,1D7c2ETYAXb_1M77gIbIx6jDG8FqbDcjt,
/europe_uefa-champions-league/2015-2016/2016-04-05 - 21-45 Bayern Munich 1 - 0 Benfica/2_HQ.mkv,15L87K0Ft9a8H0wHHW3gDa7_vpMlhNh-C,
/europe_uefa-champions-league/2015-2016/2016-04-05 - 21-45 Bayern Munich 1 - 0 Benfica/1_HQ.mkv,1dq_CZSZVuejfoPxl-5vuaYlMwmtKX1ZZ,
/europe_uefa-champions-league/2015-2016/2015-12-09 - 22-45 D. Zagreb 0 - 2 Bayern Munich/video.ini,13AmKyBj7N43RXcaogOlg0vRkZOkVYZTN,
/europe_uefa-champions-league/2015-2016/2015-12-09 - 22-45 D. Zagreb 0 - 2 Bayern Munich/2_HQ.mkv,1fy3v8mTOmRRh658Fxw85UfJFHdGDXUj7,
/europe_uefa-champions-league/2015-2016/2015-12-09 - 22-45 D. Zagreb 0 - 2 Bayern Munich/1_HQ.mkv,1kFjoMI6qBjyJp4uOSBsYeDWmgz_LkDyg,
/europe_uefa-champions-league/2015-2016/2015-11-25 - 22-45 Shakhtar Donetsk 3 - 4 Real Madrid/video.ini,1BZP_QNlH8NcDXymBMrORi2B3nzAffMEm,
/europe_uefa-champions-league/2015-2016/2015-11-25 - 22-45 Shakhtar Donetsk 3 - 4 Real Madrid/2_HQ.mkv,1TfF3Hnv7xmdGUON_bNPLh_jItBHxMNE1,
/europe_uefa-champions-league/2015-2016/2015-11-25 - 22-45 Shakhtar Donetsk 3 - 4 Real Madrid/1_HQ.mkv,1hgVCUWVCYEUdCvKKfYf4fk95elCJ1GlI,
/europe_uefa-champions-league/2015-2016/2015-11-25 - 20-00 CSKA Moscow 0 - 2 Wolfsburg/video.ini,1JVzS0_PISHOR2_UvUBO8JRAquuT-a_Cb,
/europe_uefa-champions-league/2015-2016/2015-11-25 - 20-00 CSKA Moscow 0 - 2 Wolfsburg/2_HQ.mkv,14TrUVJgtzNL-3MV9xyhWHG0iEPrMECbC,
/europe_uefa-champions-league/2015-2016/2015-11-25 - 20-00 CSKA Moscow 0 - 2 Wolfsburg/1_HQ.mkv,1OXQ24NqVXqmmdyW9f5I1zHB3JWHHC0HT,
/europe_uefa-champions-league/2015-2016/2015-11-24 - 22-45 Maccabi Tel Aviv 0 - 4 Chelsea/video.ini,1WgrpeWSQGXZsQL6Kn7JVlbQ1np7cGDw_,
/europe_uefa-champions-league/2015-2016/2015-11-24 - 22-45 Maccabi Tel Aviv 0 - 4 Chelsea/2_HQ.mkv,1FwSWAePGjx9Ru_7t7a-dIo7qa2VjGv5V,
/europe_uefa-champions-league/2015-2016/2015-11-24 - 22-45 Maccabi Tel Aviv 0 - 4 Chelsea/1_HQ.mkv,1j9-zckQt-v-iBayjq-KJqFNlviCWtq1M,
/europe_uefa-champions-league/2015-2016/2015-11-24 - 22-45 Bayern Munich 4 - 0 Olympiakos Piraeus/video.ini,1afHu3wEXiF-NQ6vB7IupDWjjiM_OJ5JA,
/europe_uefa-champions-league/2015-2016/2015-11-24 - 22-45 Bayern Munich 4 - 0 Olympiakos Piraeus/2_HQ.mkv,1QrX4140i06_GS0258mGFKBqfrQI_R2ko,
/europe_uefa-champions-league/2015-2016/2015-11-24 - 22-45 Bayern Munich 4 - 0 Olympiakos Piraeus/1_HQ.mkv,1qE9pfRj2kmD2EG1-m4BMT6KlPwpYokJT,
/europe_uefa-champions-league/2015-2016/2015-11-24 - 22-45 Barcelona 6 - 1 AS Roma/video.ini,1MnnsLq3mgJwWnvpNr8hweSInK3nIju3r,
/europe_uefa-champions-league/2015-2016/2015-11-24 - 22-45 Barcelona 6 - 1 AS Roma/2_HQ.mkv,1Jou-vCGK9ioHCzKN8daZZwmXpykC_tql,
/europe_uefa-champions-league/2015-2016/2015-11-24 - 22-45 Barcelona 6 - 1 AS Roma/1_HQ.mkv,1TpyYBfbsAbaX3RQIFnploG2ZYo_PlzrV,
/europe_uefa-champions-league/2015-2016/2015-11-25 - 22-45 B. Monchengladbach 4 - 2 Sevilla/video.ini,1JfwYkFmJtQ4LdrBp-NUOFDfpQ8Sqn-i7,
/europe_uefa-champions-league/2015-2016/2015-11-25 - 22-45 B. Monchengladbach 4 - 2 Sevilla/2_HQ.mkv,12kD9be7SsgFGpKuxnhg1crwgBF-XGh-m,
/europe_uefa-champions-league/2015-2016/2015-11-25 - 22-45 B. Monchengladbach 4 - 2 Sevilla/1_HQ.mkv,1iviT7xTLUebaeRvo2s25FIujRiJHYSvZ,
/europe_uefa-champions-league/2015-2016/2015-11-24 - 22-45 FC Porto 0 - 2 Dyn. Kiev/video.ini,1SBe9K6lNCqPSppPVTB6A3bDN8THNgAuq,
/europe_uefa-champions-league/2015-2016/2015-11-24 - 22-45 FC Porto 0 - 2 Dyn. Kiev/2_HQ.mkv,1_oI3pcOyu_4rmdESVTfz0dTasn-USkP8,
/europe_uefa-champions-league/2015-2016/2015-11-24 - 22-45 FC Porto 0 - 2 Dyn. Kiev/1_HQ.mkv,1U1eQvxl6i5-fDd9tMRVbqzrR9AOtXiuI,
/europe_uefa-champions-league/2015-2016/2015-11-25 - 22-45 Juventus 1 - 0 Manchester City/video.ini,1dLWo1lsdyZ0s8FcinFVryvMv_MoWn6rH,
/europe_uefa-champions-league/2015-2016/2015-11-25 - 22-45 Juventus 1 - 0 Manchester City/2_HQ.mkv,1GxQKdQsk0Am1sLCKHhCVQTyIHWAynwHr,
/europe_uefa-champions-league/2015-2016/2015-11-25 - 22-45 Juventus 1 - 0 Manchester City/1_HQ.mkv,1aKqarabAE2XwPl2fiBjGSrgzSIiDKD8g,
/europe_uefa-champions-league/2015-2016/2015-11-25 - 22-45 Atl. Madrid 2 - 0 Galatasaray/video.ini,1fHpqabG7p-_RyzExmtUejT6VcsyZZQCn,
/europe_uefa-champions-league/2015-2016/2015-11-25 - 22-45 Atl. Madrid 2 - 0 Galatasaray/2_HQ.mkv,1Edyel_b5wMPpIZMVmtFQkRVWUEyFH2_t,
/europe_uefa-champions-league/2015-2016/2015-11-25 - 22-45 Atl. Madrid 2 - 0 Galatasaray/1_HQ.mkv,1Y8nPmF3LC74f_USD2eiO1wZ8z0cBK6uN,
/europe_uefa-champions-league/2015-2016/2015-11-24 - 20-00 BATE 1 - 1 Bayer Leverkusen/video.ini,1ENb94pP3PXvweBitvFZkEWFpe75CbQtc,
/europe_uefa-champions-league/2015-2016/2015-11-24 - 20-00 BATE 1 - 1 Bayer Leverkusen/2_HQ.mkv,1K9VipyR9PeIo_MwAxCg2tL7JXo6_qqIV,
/europe_uefa-champions-league/2015-2016/2015-11-24 - 20-00 BATE 1 - 1 Bayer Leverkusen/1_HQ.mkv,1CwRr_SkRshzmsBu46IH6IUK58s8qaDg2,
/europe_uefa-champions-league/2015-2016/2015-11-03 - 22-45 Sevilla 1 - 3 Manchester City/video.ini,1kc3DsNx6cQ4zWFPjI6TXT2bxwPhiu720,
/europe_uefa-champions-league/2015-2016/2015-11-03 - 22-45 Sevilla 1 - 3 Manchester City/2_HQ.mkv,1On20onFOh5yClj0t6VgUJZGkEkNpkG-7,
/europe_uefa-champions-league/2015-2016/2015-11-03 - 22-45 Sevilla 1 - 3 Manchester City/1_HQ.mkv,1wl9sGCFO1ZHJKvSqCFIU_4a9lSQFLVlJ,
/europe_uefa-champions-league/2015-2016/2015-11-03 - 22-45 PSV 2 - 0 Wolfsburg/video.ini,1yBEBGTWBRZFrazwPP-_DeRIMB8AMyDPa,
/europe_uefa-champions-league/2015-2016/2015-11-03 - 22-45 PSV 2 - 0 Wolfsburg/2_HQ.mkv,1S3ygvNBOEFY74-KPevaIqmF9evrAVUVs,
/europe_uefa-champions-league/2015-2016/2015-11-03 - 22-45 PSV 2 - 0 Wolfsburg/1_HQ.mkv,1vDMWjVt4Cuj8i1ZHMCMrtRxyt5CFdGdm,
/europe_uefa-champions-league/2015-2016/2015-11-03 - 22-45 Shakhtar Donetsk 4 - 0 Malmo FF/video.ini,1I4nA3rJ_WVXGaI8fdEs8HxEhfkfnxlF2,
/europe_uefa-champions-league/2015-2016/2015-11-03 - 22-45 Shakhtar Donetsk 4 - 0 Malmo FF/2_HQ.mkv,1GKPoBHgcbzEa5pHzYvvfx8Yca71xl4A8,
/europe_uefa-champions-league/2015-2016/2015-11-03 - 22-45 Shakhtar Donetsk 4 - 0 Malmo FF/1_HQ.mkv,1w8c3VvgRAhTWtCo_wC9BkMQlwLZYZfQi,
/europe_uefa-champions-league/2015-2016/2015-11-04 - 22-45 Bayern Munich 5 - 1 Arsenal/video.ini,1mZDTVLiLzNHQZiv1jTu89-B7lcPbzRNL,
/europe_uefa-champions-league/2015-2016/2015-11-04 - 22-45 Bayern Munich 5 - 1 Arsenal/2_HQ.mkv,1LFz5zlsY_62EBTPZyijUHDh6gRkECx9k,
/europe_uefa-champions-league/2015-2016/2015-11-04 - 22-45 Bayern Munich 5 - 1 Arsenal/1_HQ.mkv,1IJPIw6kVy63Wl-5cLDP0Nwg0WkAAkqCh,
/europe_uefa-champions-league/2015-2016/2015-11-04 - 22-45 Maccabi Tel Aviv 1 - 3 FC Porto/video.ini,1XKi9EEJquFBoZdlTaromd6yf4xhHSYIq,
/europe_uefa-champions-league/2015-2016/2015-11-04 - 22-45 Maccabi Tel Aviv 1 - 3 FC Porto/2_HQ.mkv,1ro9mUZi72mHhZQRZ-B3zVlVjWs9ENgrq,
/europe_uefa-champions-league/2015-2016/2015-11-04 - 22-45 Maccabi Tel Aviv 1 - 3 FC Porto/1_HQ.mkv,1acp2xNw7R0N338_pbp6nND-p1i8_uTP_,
/europe_uefa-champions-league/2015-2016/2015-11-04 - 22-45 Gent 1 - 0 Valencia/video.ini,1vYmwNqusR7EIJq5TTbtbiQadZ6eMWBwU,
/europe_uefa-champions-league/2015-2016/2015-11-04 - 22-45 Gent 1 - 0 Valencia/2_HQ.mkv,12Ke2ugyT0wHdZwrPPyYgy8F6I7jF1JBd,
/europe_uefa-champions-league/2015-2016/2015-11-04 - 22-45 Gent 1 - 0 Valencia/1_HQ.mkv,1rKYJZeMdoVLO-QMjWcZZ8I48I76z4E3v,
/europe_uefa-champions-league/2015-2016/2015-11-04 - 22-45 Lyon 0 - 2 Zenit Petersburg/video.ini,1y3wi5oFOpCM6w8VNnzt1lHH9WK7v0S1F,
/europe_uefa-champions-league/2015-2016/2015-11-04 - 22-45 Lyon 0 - 2 Zenit Petersburg/2_HQ.mkv,1Mx9c5U3xKz4W2I_PW0cT8pjUWEzRgPAe,
/europe_uefa-champions-league/2015-2016/2015-11-04 - 22-45 Lyon 0 - 2 Zenit Petersburg/1_HQ.mkv,1JdyefSBm0OW5guL6dxRfxg0xtz3DwCdx,
/europe_uefa-champions-league/2015-2016/2015-11-03 - 22-45 Real Madrid 1 - 0 Paris SG/video.ini,1LsbPrn70J1ZgMfz7luZbJPyxzobf0EGi,
/europe_uefa-champions-league/2015-2016/2015-11-03 - 22-45 Real Madrid 1 - 0 Paris SG/2_HQ.mkv,1ssWSm8aGRshYBOudck7OyfjuU5TdyhtF,
/europe_uefa-champions-league/2015-2016/2015-11-03 - 22-45 Real Madrid 1 - 0 Paris SG/1_HQ.mkv,1BsXnOF8-9qi0gJURFsw5uKfX7RSHC7pd,
/europe_uefa-champions-league/2015-2016/2015-11-04 - 22-45 Barcelona 3 - 0 BATE/video.ini,1LcxAHOH5xS4g5pB8f-CPogea4qc82TL_,
/europe_uefa-champions-league/2015-2016/2015-11-04 - 22-45 Barcelona 3 - 0 BATE/2_HQ.mkv,15NXjsARzOKnHMXIm2d_MYjvGW5GjfZ4s,
/europe_uefa-champions-league/2015-2016/2015-11-04 - 22-45 Barcelona 3 - 0 BATE/1_HQ.mkv,1W8rcFty3Y5XV9hqSPDmSAV3H1R8rTk9d,
/europe_uefa-champions-league/2015-2016/2015-11-03 - 22-45 Manchester United 1 - 0 CSKA Moscow/video.ini,1dQ4gbokdHA2TJpcZpEZKk9PWxqtOpqVB,
/europe_uefa-champions-league/2015-2016/2015-11-03 - 22-45 Manchester United 1 - 0 CSKA Moscow/2_HQ.mkv,1xUyLw7EAj5w1aRlJi7s66L4R1J5y1Wth,
/europe_uefa-champions-league/2015-2016/2015-11-03 - 22-45 Manchester United 1 - 0 CSKA Moscow/1_HQ.mkv,1pnmu7OG9lRg5umMr9jfcQCf-PsBbNHbh,
/europe_uefa-champions-league/2015-2016/2015-09-29 - 21-45 Arsenal 2 - 3 Olympiakos Piraeus/video.ini,1H8PFyJb8OQpsS7mLDQMATsEaKTFHYCB4,
/europe_uefa-champions-league/2015-2016/2015-09-29 - 21-45 Arsenal 2 - 3 Olympiakos Piraeus/2_HQ.mkv,1pVAnlaSIzKr9ATOgqzdcloY0rC56LpII,
/europe_uefa-champions-league/2015-2016/2015-09-29 - 21-45 Arsenal 2 - 3 Olympiakos Piraeus/1_HQ.mkv,1FC6MwtK1L3byNo_wOYx6NaQWCUAuCdx4,
/europe_uefa-champions-league/2015-2016/2015-11-03 - 22-45 B. Monchengladbach 1 - 1 Juventus/video.ini,14r87udYVfnVzQa5azDskVKZTdTgKNzaN,
/europe_uefa-champions-league/2015-2016/2015-11-03 - 22-45 B. Monchengladbach 1 - 1 Juventus/2_HQ.mkv,1vhHwcEDrg1RMhEjDrkHgdHzKaPdOEjO8,
/europe_uefa-champions-league/2015-2016/2015-11-03 - 22-45 B. Monchengladbach 1 - 1 Juventus/1_HQ.mkv,1lTxN05FyS_w52YIMQG6UokUCeESzE5vI,
/europe_uefa-champions-league/2015-2016/2015-09-29 - 21-45 FC Porto 2 - 1 Chelsea/video.ini,1rUfpJ0MRnt5O9lfwfiyar4gogq9WNsx5,
/europe_uefa-champions-league/2015-2016/2015-09-29 - 21-45 FC Porto 2 - 1 Chelsea/2_HQ.mkv,14WQqbGFI8VmQaZtgUiBI7rYIzG0DSh3-,
/europe_uefa-champions-league/2015-2016/2015-09-29 - 21-45 FC Porto 2 - 1 Chelsea/1_HQ.mkv,16hXVQLO8gTRY0QPMZMcHNPqV_iOUGaIN,
/europe_uefa-champions-league/2015-2016/2015-09-16 - 21-45 Olympiakos Piraeus 0 - 3 Bayern Munich/video.ini,1HDtAcVB5K0tDvLFy5tTHj5lJFAsOhQSq,
/europe_uefa-champions-league/2015-2016/2015-09-16 - 21-45 Olympiakos Piraeus 0 - 3 Bayern Munich/2_HQ.mkv,1UZ2rGYWLD4ELo0NJMOrnSNiFNDjoPtGJ,
/europe_uefa-champions-league/2015-2016/2015-09-16 - 21-45 Olympiakos Piraeus 0 - 3 Bayern Munich/1_HQ.mkv,1klkUJaGNrdtU7RnTWkPXrw18vv2X6hzd,
/europe_uefa-champions-league/2015-2016/2015-09-16 - 21-45 Gent 1 - 1 Lyon/video.ini,14y6nKuT3dYEdiQZgOwM3NJjpmz1HuSPp,
/europe_uefa-champions-league/2015-2016/2015-09-16 - 21-45 Gent 1 - 1 Lyon/2_HQ.mkv,1eGDgUMp8HVYMqAY99FMVIcAW2H7eZabv,
/europe_uefa-champions-league/2015-2016/2015-09-16 - 21-45 Gent 1 - 1 Lyon/1_HQ.mkv,1XCktXJCt8CRSkl34-YNnRXXSY1aJ_wn9,
/europe_uefa-champions-league/2015-2016/2015-09-29 - 21-45 Bayern Munich 5 - 0 D. Zagreb/video.ini,1VIER85ohOXJx24Ed9_FVz-G5ZJPAtSqh,
/europe_uefa-champions-league/2015-2016/2015-09-29 - 21-45 Bayern Munich 5 - 0 D. Zagreb/2_HQ.mkv,1GdwnkuyeB0l8Iui01dY9FEosqAaW_B3Q,
/europe_uefa-champions-league/2015-2016/2015-09-29 - 21-45 Bayern Munich 5 - 0 D. Zagreb/1_HQ.mkv,1TsfeCFi1NovLhDd3fJCnoNQRAUGxRptQ,
/europe_uefa-champions-league/2015-2016/2015-10-20 - 21-45 Arsenal 2 - 0 Bayern Munich/video.ini,1L-xvZzwWq_WRvcJ_iPCb7vfNO35v3Kbj,
/europe_uefa-champions-league/2015-2016/2015-10-20 - 21-45 Arsenal 2 - 0 Bayern Munich/2_HQ.mkv,1F8_Dn6PKKQAf17Jlp6ZC0VHZKjgm-TwO,
/europe_uefa-champions-league/2015-2016/2015-10-20 - 21-45 Arsenal 2 - 0 Bayern Munich/1_HQ.mkv,1yxDji3qC3lxB7VmG8mx_nX29q-mxOqY4,
/europe_uefa-champions-league/2015-2016/2015-11-03 - 22-45 Benfica 2 - 1 Galatasaray/video.ini,1634f45u-REOvZsNxQp5G8DOIRynlY1_F,
/europe_uefa-champions-league/2015-2016/2015-11-03 - 22-45 Benfica 2 - 1 Galatasaray/2_HQ.mkv,18IgkVMOR2geY4EZyZOpKKPM3WkHpLBDG,
/europe_uefa-champions-league/2015-2016/2015-11-03 - 22-45 Benfica 2 - 1 Galatasaray/1_HQ.mkv,1-fDr68kDFAd1UkG1Foqiw5DT1jqsr37i,
/europe_uefa-champions-league/2015-2016/2015-09-29 - 21-45 Lyon 0 - 1 Valencia/video.ini,1soqcFiYGPz7vHkLoZ4iuT4XIpDbZV-oJ,
/europe_uefa-champions-league/2015-2016/2015-09-29 - 21-45 Lyon 0 - 1 Valencia/2_HQ.mkv,1u0ppa99oQ82k6Pdky_Mmxhjc4FEzjARg,
/europe_uefa-champions-league/2015-2016/2015-09-29 - 21-45 Lyon 0 - 1 Valencia/1_HQ.mkv,1zgqqKIaQKLHu3OBYvoLEr8Xdi8NaRkus,
/europe_uefa-champions-league/2015-2016/2015-09-29 - 21-45 Barcelona 2 - 1 Bayer Leverkusen/2_HQ.mkv,1Yn93J7FYsyNQJoEyhO4cSGkwCNO9W3Gx,
/europe_uefa-champions-league/2015-2016/2015-09-29 - 21-45 Barcelona 2 - 1 Bayer Leverkusen/1_HQ.mkv,1OHoFoj6-m2cwbfSUvGDYewzU8083ni2P,
/europe_uefa-champions-league/2015-2016/2015-09-29 - 21-45 Barcelona 2 - 1 Bayer Leverkusen/video.ini,1pmb5TLYRHRDXl4VLn3fy3Om7wZiTt27I,
/europe_uefa-champions-league/2015-2016/2015-09-16 - 21-45 AS Roma 1 - 1 Barcelona/2_HQ.mkv,1uJIzPhlQS_KjCAawapK9SHMo_A1yjLxn,
/europe_uefa-champions-league/2015-2016/2015-09-16 - 21-45 AS Roma 1 - 1 Barcelona/1_HQ.mkv,1ojjGbv39ydhoRwyg5mjRHNho48BhGsZO,
/europe_uefa-champions-league/2015-2016/2015-09-16 - 21-45 AS Roma 1 - 1 Barcelona/video.ini,1yTFi-lmouesKXwTpnbXKYFJlXOfH3ooG,
/europe_uefa-champions-league/2015-2016/2015-09-15 - 21-45 Manchester City 1 - 2 Juventus/2_HQ.mkv,1cANxBhx0V0tLQng42ovsiZowQI1gmEAO,
/europe_uefa-champions-league/2015-2016/2015-09-15 - 21-45 Manchester City 1 - 2 Juventus/1_HQ.mkv,1IPQBZ1_HFkdM9f6d4AaWpLnkFX5njE2E,
/europe_uefa-champions-league/2015-2016/2015-09-15 - 21-45 Manchester City 1 - 2 Juventus/video.ini,16kT98L0eyVvM7B7z1NAHLZyqidAQDN-h,
/europe_uefa-champions-league/2015-2016/2015-09-15 - 21-45 Galatasaray 0 - 2 Atl. Madrid/2_HQ.mkv,18s_v1a5L_sJ5HPjaynEb9NrFcaGJvHNa,
/europe_uefa-champions-league/2015-2016/2015-09-15 - 21-45 Galatasaray 0 - 2 Atl. Madrid/1_HQ.mkv,1Wb8BWfc5QOg7T9J9PNiztB7_Gsmtbx9e,
/europe_uefa-champions-league/2015-2016/2015-09-15 - 21-45 Galatasaray 0 - 2 Atl. Madrid/video.ini,1el9RXVjJg-ij-94iewTHYAPlzJEEdJgw,
/europe_uefa-champions-league/2015-2016/2015-09-15 - 21-45 PSV 2 - 1 Manchester United/2_HQ.mkv,1W4DSvaVzTr2ZqS18xleIaTRLNS5Suvl3,
/europe_uefa-champions-league/2015-2016/2015-09-15 - 21-45 PSV 2 - 1 Manchester United/1_HQ.mkv,1sw6WargGwm7HQIjKI--VmWspyBBsuiu5,
/europe_uefa-champions-league/2015-2016/2015-09-15 - 21-45 PSV 2 - 1 Manchester United/video.ini,1vRfn1X_kDVU23ihm42DpJQpZ63w6avCh,
/europe_uefa-champions-league/2015-2016/2015-09-15 - 21-45 Sevilla 3 - 0 B. Monchengladbach/2_HQ.mkv,1q075GfMrf5lSYdoLsKH8Gfx6HzDyDMqj,
/europe_uefa-champions-league/2015-2016/2015-09-15 - 21-45 Sevilla 3 - 0 B. Monchengladbach/1_HQ.mkv,1nvw9NKfleMUETNo67TmkGqXn9dtfuloP,
/europe_uefa-champions-league/2015-2016/2015-09-15 - 21-45 Sevilla 3 - 0 B. Monchengladbach/video.ini,1FApkU7dsi91aRhxhkKSIf-V65M5_IG1n,
/europe_uefa-champions-league/2015-2016/2015-09-16 - 21-45 Chelsea 4 - 0 Maccabi Tel Aviv/2_HQ.mkv,1YY63RK4IEYTxaepe5jwUwcER_x_MGbxM,
/europe_uefa-champions-league/2015-2016/2015-09-16 - 21-45 Chelsea 4 - 0 Maccabi Tel Aviv/1_HQ.mkv,1ecmVJnJgkfnnaC9YiIuQLWhGyR9J097R,
/europe_uefa-champions-league/2015-2016/2015-09-16 - 21-45 Chelsea 4 - 0 Maccabi Tel Aviv/video.ini,1Z4gEfAJ9J340u6Ji7yrxcuPibapoReLB,
/europe_uefa-champions-league/2015-2016/2015-09-15 - 21-45 Paris SG 2 - 0 Malmo FF/2_HQ.mkv,1lg8kiIgtfh6mNi4W8Bu1pGWYPPnfxHsK,
/europe_uefa-champions-league/2015-2016/2015-09-15 - 21-45 Paris SG 2 - 0 Malmo FF/1_HQ.mkv,1wcmDma5prv2VCSCutKu1_HBws_LhPSBp,
/europe_uefa-champions-league/2015-2016/2015-09-15 - 21-45 Paris SG 2 - 0 Malmo FF/video.ini,1mQOuEVDxBajghTyFBPJ6w3chM-VlFFNq,
/europe_uefa-champions-league/2015-2016/2015-09-15 - 21-45 Real Madrid 4 - 0 Shakhtar Donetsk/2_HQ.mkv,17xYXsMdzqIQTxVko6kMfY8WcR6gm3iSh,
/europe_uefa-champions-league/2015-2016/2015-09-15 - 21-45 Real Madrid 4 - 0 Shakhtar Donetsk/1_HQ.mkv,1e87H56A2A0l2R363ICqqJMqrysDnwkhT,
/europe_uefa-champions-league/2015-2016/2015-09-15 - 21-45 Real Madrid 4 - 0 Shakhtar Donetsk/video.ini,1TuoMISCswujHKfZLHjiPSGOlqw1JPrmH,
/europe_uefa-champions-league/2015-2016/2015-09-16 - 21-45 Bayer Leverkusen 4 - 1 BATE/2_HQ.mkv,1VOdWN4Ph5JmfkKlkfmw3jkI2MkR3gQfg,
/europe_uefa-champions-league/2015-2016/2015-09-16 - 21-45 Bayer Leverkusen 4 - 1 BATE/1_HQ.mkv,1BKMNSk8nOo9zB-o10EQjah7YSLxw4lG6,
/europe_uefa-champions-league/2015-2016/2015-09-16 - 21-45 Bayer Leverkusen 4 - 1 BATE/video.ini,1nc6XSVBr16-pD1V7q0aoyppLwdIeJtik,
/europe_uefa-champions-league/2015-2016/2015-09-16 - 21-45 Dyn. Kiev 2 - 2 FC Porto/2_HQ.mkv,1Xd7D0cfXnQcyUGtb4j9DN3HVln0IsrvQ,
/europe_uefa-champions-league/2015-2016/2015-09-16 - 21-45 Dyn. Kiev 2 - 2 FC Porto/1_HQ.mkv,1SQA539dYdP6nnEeaoM7vcVKI9mRSJR9-,
/europe_uefa-champions-league/2015-2016/2015-09-16 - 21-45 Dyn. Kiev 2 - 2 FC Porto/video.ini,1dG93VVZzCy64BLUuK31Da4TX_mjdLS5J,
/europe_uefa-champions-league/2016-2017/2017-03-08 - 22-45 Barcelona 6 - 1 Paris SG/1_HQ.mkv,1RNl3-mw17ti0aP-443IekX1IxojA4EmN,
/europe_uefa-champions-league/2016-2017/2017-03-08 - 22-45 Barcelona 6 - 1 Paris SG/video.ini,1jdIpw-3SihkETJDSaDotdeepByKSEdIu,
/europe_uefa-champions-league/2016-2017/2017-03-08 - 22-45 Barcelona 6 - 1 Paris SG/2_HQ.mkv,1iPGiJBVQvi4wZTYIP04cyhiiXgsns22J,
/europe_uefa-champions-league/2016-2017/2017-04-18 - 21-45 Real Madrid 4 - 2 Bayern Munich/video.ini,1briA2pRHU7jIpFJYe5sGwhahhVtmZEoF,
/europe_uefa-champions-league/2016-2017/2017-04-18 - 21-45 Real Madrid 4 - 2 Bayern Munich/2_HQ.mkv,1f4b9wSSaFauHSrm-TulMI1aIlnGX858E,
/europe_uefa-champions-league/2016-2017/2017-04-18 - 21-45 Real Madrid 4 - 2 Bayern Munich/1_HQ.mkv,1pu9Rk039oNRg9o4DbcQTL7_uKA-NtArM,
/europe_uefa-champions-league/2016-2017/2017-04-12 - 21-45 Bayern Munich 1 - 2 Real Madrid/video.ini,15O6jehOatYHEjBJM0-VQBQ0cnrI0qX_U,
/europe_uefa-champions-league/2016-2017/2017-04-12 - 21-45 Bayern Munich 1 - 2 Real Madrid/2_HQ.mkv,1-1Cg7GGu_MSWhOClnBjPe_j6WWZuYvdt,
/europe_uefa-champions-league/2016-2017/2017-04-12 - 21-45 Bayern Munich 1 - 2 Real Madrid/1_HQ.mkv,1ZQImnkwkzVaVDfMcZKm5r5dqzJZEiHVA,
/europe_uefa-champions-league/2016-2017/2017-03-07 - 22-45 Napoli 1 - 3 Real Madrid/video.ini,15rChkC6UlTCRjHDyl8FzQb7t0gUfrSKn,
/europe_uefa-champions-league/2016-2017/2017-03-07 - 22-45 Napoli 1 - 3 Real Madrid/2_HQ.mkv,17wMwKtmr-TNycg9WNFvlHKKnGsAgf7XZ,
/europe_uefa-champions-league/2016-2017/2017-03-07 - 22-45 Napoli 1 - 3 Real Madrid/1_HQ.mkv,1dilJtnZAKFQ5OOLjc6HGwtzXBHLy8u-V,
/europe_uefa-champions-league/2016-2017/2017-02-14 - 22-45 Paris SG 4 - 0 Barcelona/video.ini,1_U6GicCb6D_H6dYEFoU0q5YXlp8ab4KR,
/europe_uefa-champions-league/2016-2017/2017-02-14 - 22-45 Paris SG 4 - 0 Barcelona/2_HQ.mkv,1zEzx6TLOodJlIabNxM0IRwEkdjS4om-M,
/europe_uefa-champions-league/2016-2017/2017-02-14 - 22-45 Paris SG 4 - 0 Barcelona/1_HQ.mkv,1wnXuV2nPinG_PzGZeheb0VUbZjTLZOjj,
/europe_uefa-champions-league/2016-2017/2017-02-15 - 22-45 Real Madrid 3 - 1 Napoli/video.ini,1B2ItJulgxGZGvay2LSwiqg_OmOc8_ADN,
/europe_uefa-champions-league/2016-2017/2017-02-15 - 22-45 Real Madrid 3 - 1 Napoli/2_HQ.mkv,1J0YSPtiHDq0dogACjlmjrLYfgWhUMOKe,
/europe_uefa-champions-league/2016-2017/2017-02-15 - 22-45 Real Madrid 3 - 1 Napoli/1_HQ.mkv,167psHlSteWzrXq_yjTG0nDOGUco9FO9m,
/europe_uefa-champions-league/2016-2017/2016-11-23 - 22-45 Napoli 0 - 0 Dyn. Kiev/video.ini,1sF5MFByuMN5QTHxqSlV4rAbK3kI0E1p0,
/europe_uefa-champions-league/2016-2017/2016-11-23 - 22-45 Napoli 0 - 0 Dyn. Kiev/2_HQ.mkv,1Y7Q0M_aJQYnCiagZgBvPSt-riGOHrxoK,
/europe_uefa-champions-league/2016-2017/2016-11-23 - 22-45 Napoli 0 - 0 Dyn. Kiev/1_HQ.mkv,11WBU9Y25VAhk_FsZxDhbXAQNm8K1VGp0,
/europe_uefa-champions-league/2016-2017/2017-05-02 - 21-45 Real Madrid 3 - 0 Atl. Madrid/video.ini,1BaUiF_IzbKnS1kNYam45W4hdZycdAiua,
/europe_uefa-champions-league/2016-2017/2017-05-02 - 21-45 Real Madrid 3 - 0 Atl. Madrid/2_HQ.mkv,1BWJJf6lt8yBSWgaKXcPFZ4QZGbrz-Ptf,
/europe_uefa-champions-league/2016-2017/2017-05-02 - 21-45 Real Madrid 3 - 0 Atl. Madrid/1_HQ.mkv,1PH5OQQj4ynt9oE0bWEwT04zovUgtLPsV,
/europe_uefa-champions-league/2016-2017/2016-12-06 - 22-45 Benfica 1 - 2 Napoli/video.ini,14KTB2VMLUb3ZjaB4MzOVO-cAy5k2KxiE,
/europe_uefa-champions-league/2016-2017/2016-12-06 - 22-45 Benfica 1 - 2 Napoli/2_HQ.mkv,1ampOlKZX0bkIP_A2bOiijHG0qFAyZuYR,
/europe_uefa-champions-league/2016-2017/2016-12-06 - 22-45 Benfica 1 - 2 Napoli/1_HQ.mkv,1EWhSHR50wk6ILtr_fJ4zAEI9WEFxDrZE,
/europe_uefa-champions-league/2016-2017/2016-11-01 - 22-45 Manchester City 3 - 1 Barcelona/video.ini,1CDPRsbWmJaamOgzPtCMf4ih5Kcq63S54,
/europe_uefa-champions-league/2016-2017/2016-11-01 - 22-45 Manchester City 3 - 1 Barcelona/2_HQ.mkv,1LG6gGEgzGN62QTEriYbFDxL0zj3SIdTd,
/europe_uefa-champions-league/2016-2017/2016-11-01 - 22-45 Manchester City 3 - 1 Barcelona/1_HQ.mkv,16QHVDMFH__FHG1OINNCtL3DalhH8WWLV,
/europe_uefa-champions-league/2016-2017/2016-09-13 - 21-45 Barcelona 7 - 0 Celtic/video.ini,18lnrbdbc1-GhFHQeKAuG49MHEjElVv_K,
/europe_uefa-champions-league/2016-2017/2016-09-13 - 21-45 Barcelona 7 - 0 Celtic/2_HQ.mkv,1rRTCkJPfLNZA0vnlr5f_0-my2daHb5G0,
/europe_uefa-champions-league/2016-2017/2016-09-13 - 21-45 Barcelona 7 - 0 Celtic/1_HQ.mkv,10qigm06yQJb6ZdBgu5BYc5t6vGqf8H6r,
/europe_uefa-champions-league/2016-2017/2016-09-28 - 21-45 Napoli 4 - 2 Benfica/video.ini,1f_wzTYId_5SZtF5DSybeUCtvkEAAOh5w,
/europe_uefa-champions-league/2016-2017/2016-09-28 - 21-45 Napoli 4 - 2 Benfica/2_HQ.mkv,1b_oFCvYhchk3bPr0kSuBrsi2u6Mpg24p,
/europe_uefa-champions-league/2016-2017/2016-09-28 - 21-45 Napoli 4 - 2 Benfica/1_HQ.mkv,1fHmduBZ1OqjMQhZm6Y48_Lc4XrVHXvsz,
/europe_uefa-champions-league/2016-2017/2016-09-13 - 21-45 Dyn. Kiev 1 - 2 Napoli/video.ini,1wlCPKhTwKzZ2lmuc1H8guklNetbCApMw,
/europe_uefa-champions-league/2016-2017/2016-09-13 - 21-45 Dyn. Kiev 1 - 2 Napoli/2_HQ.mkv,1_cQ8f0Q6tCLlnGxKJeKtlAoHVgqEXUfZ,
/europe_uefa-champions-league/2016-2017/2016-09-13 - 21-45 Dyn. Kiev 1 - 2 Napoli/1_HQ.mkv,1SAHTutnviQP97JEGou_G9Fzg-PTENXUM,
/europe_uefa-champions-league/2016-2017/2016-11-23 - 22-45 Arsenal 2 - 2 Paris SG/video.ini,11Woh20UOyMT9gQko0EB6g9PcdiRIFYen,
/europe_uefa-champions-league/2016-2017/2016-11-23 - 22-45 Arsenal 2 - 2 Paris SG/2_HQ.mkv,1Mu_XshbKJT-reCHA13UY04Y-zuIQt2Vf,
/europe_uefa-champions-league/2016-2017/2016-11-23 - 22-45 Arsenal 2 - 2 Paris SG/1_HQ.mkv,1nL5a3nmwH_enVInm4lIVWdZostUTwXC5,
/europe_uefa-champions-league/2016-2017/2016-11-01 - 20-45 Besiktas 1 - 1 Napoli/video.ini,1AzdwosGY-4zjeIsJ6_e06RNJbb9qGFcM,
/europe_uefa-champions-league/2016-2017/2016-11-01 - 20-45 Besiktas 1 - 1 Napoli/2_HQ.mkv,1SNEquAslxdUkLg1XqHNkWk7F0mpwR5Uy,
/europe_uefa-champions-league/2016-2017/2016-11-01 - 20-45 Besiktas 1 - 1 Napoli/1_HQ.mkv,1pATGC07hCxo1eiWlSsE3P1ms2oA5xud7,
/europe_uefa-champions-league/2016-2017/2016-10-19 - 21-45 Paris SG 3 - 0 Basel/video.ini,1_v6xBun6DJdYMcizlz8iH5anOxX3NNWp,
/europe_uefa-champions-league/2016-2017/2016-10-19 - 21-45 Paris SG 3 - 0 Basel/2_HQ.mkv,1fyK6-Cm0sPR81ilwig2m_sT7OLEA1pUr,
/europe_uefa-champions-league/2016-2017/2016-10-19 - 21-45 Paris SG 3 - 0 Basel/1_HQ.mkv,1LJv-tAEJcrU_R5r5MKOI42PmkLvYbDdf,
/europe_uefa-champions-league/2016-2017/2016-09-28 - 21-45 Ludogorets 1 - 3 Paris SG/video.ini,1RgpKHBkxqu4gs_g_89i0035Gw9-SpKiY,
/europe_uefa-champions-league/2016-2017/2016-09-28 - 21-45 Ludogorets 1 - 3 Paris SG/2_HQ.mkv,1_tZ9SdiKoVTiOQrRzxk8QnpaQW4lXSHt,
/europe_uefa-champions-league/2016-2017/2016-09-28 - 21-45 Ludogorets 1 - 3 Paris SG/1_HQ.mkv,1oJmi-x4aC5p_1b8JMDH7C8QPGDH3ril-,
/europe_uefa-champions-league/2016-2017/2016-11-23 - 22-45 Celtic 0 - 2 Barcelona/video.ini,1YsuWf0NGp0sADm0_jT_zZ_2ka3BALaco,
/europe_uefa-champions-league/2016-2017/2016-11-23 - 22-45 Celtic 0 - 2 Barcelona/2_HQ.mkv,1SRBogrdQ9boEnltQYTn_upg_uP2TN9GI,
/europe_uefa-champions-league/2016-2017/2016-11-23 - 22-45 Celtic 0 - 2 Barcelona/1_HQ.mkv,1JFSpRYUc9O8aLwxo5bDxn08MnyCxptWB,
/europe_uefa-champions-league/2016-2017/2016-10-19 - 21-45 Barcelona 4 - 0 Manchester City/video.ini,1kMCTS0DOMta1Q2pSe5lOPPXmeU259KFA,
/europe_uefa-champions-league/2016-2017/2016-10-19 - 21-45 Barcelona 4 - 0 Manchester City/2_HQ.mkv,1q-sSFAI9KbpGBjhDj3Xxw7_TbnUdfncc,
/europe_uefa-champions-league/2016-2017/2016-10-19 - 21-45 Barcelona 4 - 0 Manchester City/1_HQ.mkv,1br_rwVTDtCE3JcMtnIehMy83QZDfHlyk,
